List of all Road Accidents in Texas, United States - Road Accidents in Texas - Texas Road Accidents | www.accidentsinus.com
Accidents In US - List of All Road Accidents by State in US | www.accidentsinus.com
User Registration in United States | www.accidentsinus.com
User Login in United States | www.accidentsinus.com
Post Accident Information in United States | www.accidentsinus.com
Post Victim Information in United States | www.accidentsinus.com
Post Instant Accident Report in United States | www.accidentsinus.com
List of All Road Accidents in United States - Road Accidents in United States - United States Road Accidents | www.accidentsinus.com
List of all victims involved in Road Accidents in United States | www.accidentsinus.com
List of all Videos for Road Accidents in United States | www.accidentsinus.com
List of all Road Accidents in Texas, United States - Road Accidents in Texas - Texas Road Accidents | www.accidentsinus.com
Texes City, TX : 55-year-old Lumberton man injured after motorcycle struck two stopped cars in Texas City on Sunday morning, Nov 8, 2015 ( Accident in Texas, Texas City) , United States | www.accidentsinus.com
Arlington, TX : 5-year-old girl died and two more children and three adults injured in a single-car crash on Saturday, Nov 7, 2015 ( Accident in Texas, Arlington) , United States | www.accidentsinus.com
Harris County, TX : Woman killed in truck crash in Harris County on Thursday November 5 2015 ( Accident in Harrison,Texas) , United States | www.accidentsinus.com
San Angelo, TX : 77 year-old man died in crash on Farm-to-Market Road 388 in San Angelo on Sunday morning, Nov 1, 2015 ( Accident in Texas, San Angelo) , United States | www.accidentsinus.com
Houston, TX : Officer minor injuries in police car and ambulance crash on Thursday October 29 2015 ( Accident in Houston,Texas) , United States | www.accidentsinus.com
El Paso, TX : One person died after four-vehicle wreck on US Highway 54 in Sherman County on Wednesday morning, Oct 28, 2015  ( Accident in Texas, El Paso) , United States | www.accidentsinus.com
Montgomery County, TX:  Vigil held for teenager killed in single-vehicle wreck in Montgomery County on Tuesday October 27 2015 ( Accident in Montgomery County,Texas) , United States | www.accidentsinus.com
Granbury, TX:  War of words follows motorcycle crash on Tuesday October 27 2015 ( Accident in Granbury,Texas) , United States | www.accidentsinus.com
Conroe, TX:  Conroe teen dies in single-vehicle crash on Tuesday October 27 2015 ( Accident in Conroe,Texas) , United States | www.accidentsinus.com
Lufkin, TX : Three people died in 2-vehicle head-on wreck on Highway 103 east of Lufkin on Monday afternoon, Oct 26, 2015 ( Accident in Texas, Lufkin) , United States | www.accidentsinus.com
Walker County, TX  : Man struck by car, killed while walking on Walker County road on Thursday October 22 2015 ( Accident in Walker County,Texas) , United States | www.accidentsinus.com
San Angelo, TX : Two people died after 2-car collision on FM 2288 early Tuesday morning, Oct 20, 2015 ( Accident in Texas, San Angelo) , United States | www.accidentsinus.com
Conroe, TX : Teenager killed in single-vehicle wreck on Highway 105 near Faulkner Road in Montgomery County on Monday, Oct 19, 2015 ( Accident in Texas, Conroe) , United States | www.accidentsinus.com
Cedar Park, TX :  Four people killed in single-vehicle crash in Highway 183 on Sunday October 18 2015 ( Accident in Cedar Park,Texas) , United States | www.accidentsinus.com
Orange, TX : 38-year-old bicyclist died in crash on Texas Highway 12 in Orange County on Sunday night, Oct 18, 2015 ( Accident in Texas, Orange) , United States | www.accidentsinus.com
Leary, TX : Three people injured in 7-vehicle crash on I-30 in Bowie County on Tuesday afternoon, Oct 13, 2015 ( Accident in Texas, Leary) , United States | www.accidentsinus.com
Austin, TX : Two local educators killed in car crash Austin Texas on Tuesday October 13 2015 ( Accident in Austin,Texas) , United States | www.accidentsinus.com
Dallas, TX : Two Dallas teenagers recently killed in a traffic crash on Tuesday October 13 2015 ( Accident in Dallas,Texas) , United States | www.accidentsinus.com
Houston, TX : Two children injured, chase suspect airlifted to hospital after crash in northwest Harris County on Monday, Oct 12, 2015 ( Accident in Texas, Houston) , United States | www.accidentsinus.com
Austin, TX: 15-year-old boy dead and three other teens injured in street racing crashed on Friday October 9 2015 ( Accident in Austin,Texas) , United States | www.accidentsinus.com
List of all States in United States | www.accidentsinus.com
Traffic Reports by state and city in United States | www.accidentsinus.com
List of All Road Accidents in United States - Road Accidents in United States - United States Road Accidents | www.accidentsinus.com
Post Instant Accident Report in United States | www.accidentsinus.com
List of all victims involved in Road Accidents in United States | www.accidentsinus.com
Traffic Reports by state and city in United States | www.accidentsinus.com
Pittsburg, CA : San Bruno woman died and San Francisco man injured in a multivehicle collision on Kirker Pass Road near Hess Road on Thursday night, Nov 12, 2015 ( Accident in California, Pittsburg) , United States | www.accidentsinus.com
Somis, CA : One person injured in a head-on crash near East Los Angeles Avenue and Aggen Road on Thursday, Nov 12, 2015 ( Accident in California, Somis) , United States | www.accidentsinus.com
Cocoa Beach, FL : 75 year-old man hit and killed by a vehicle in Brevard County on Thursday night, Nov 12, 2015 ( Accident in Florida, Cocoa Beach) , United States | www.accidentsinus.com
Bennington, OK : Pregnant woman died after a two-vehicle crash on U.S. Highway 70 in Bryan County on Thursday, Nov 12, 2015 ( Accident in Oklahoma, Bennington) , United States | www.accidentsinus.com
Paulding, OH : Three people injured afer a wrong-way crash in Paulding County on Thursday afternoon, Nov 12, 2015 ( Accident in Ohio, Paulding) , United States | www.accidentsinus.com
Las Vegas, NV : 80-year-old woman died after being hit by a pickup truck near West Charleston Boulevard on Thursday afternoon, Nov 12, 2015 ( Accident in Nevada, Las Vegas) , United States | www.accidentsinus.com
Detroit, MI : Tanker truck driver dies in crash with county vehicle on Interstate 275 in Wayne County on Thursday afternoon, Nov 12, 2015 ( Accident in Michigan, Detroit) , United States | www.accidentsinus.com
Reno, NV : No injuries after a car crashed into a hair salon on S. McCarran Boulevard.on Thursday afternoon, Nov 12, 2015 ( Accident in Nevada, Reno) , United States | www.accidentsinus.com
Naples, FL : Pedestrian hit and killed in crash in Collier County on Thursday, Nov 12, 2015 ( Accident in Florida, Naples) , United States | www.accidentsinus.com
Orlando, FL : Lawn worker hit, killed by car on Cedar Bay Street near Curry Ford and Conway roads on Thursday, Nov 12, 2015 ( Accident in Florida, Orlando) , United States | www.accidentsinus.com
Carrollton, KY : Steven Harbert, 36, died after struck a concrete culvert, then overturned on Highway 36 in Carroll County on Thursday, Nov 12, 2015 ( Accident in Kentucky, Carrollton) , United States | www.accidentsinus.com
Middleboro, MA : 61-year-old man died in a single-car crash on Route 495 in Middleboro on Thursday morning, Nov 12, 2015 ( Accident in Massachusetts, Middleton) , United States | www.accidentsinus.com
Orlando, FL : One person seriously injured after a  multi-vehicle crash near S.R. 408 on Thursday, Nov 12, 2015 ( Accident in Florida, Orlando) , United States | www.accidentsinus.com
Portland, OR : Speeding car sideswipes house, hits shop in SE Portland early Thursday morning, Nov 12, 2015 ( Accident in Oregon, Portland) , United States | www.accidentsinus.com
Milwaukee, WI : Driver dead after stolen car hits pole on south side early Thursday morning, Nov 12, 2015 ( Accident in Wisconsin, Milwaukee) , United States | www.accidentsinus.com
Middleburg, FL : 12-year-old boy injured after being hit by a car on County Road 218 near Iris Street on Thursday afternoon, Nov 12, 2015 ( Accident in Florida, Middleburg) , United States | www.accidentsinus.com
Warren, MI : 58-year-old woman killed after being hit by a pickup truck on Lorraine and Campbell avenues on Thursday night, Nov 12, 2015  ( Accident in Michigan, Warren) , United States | www.accidentsinus.com
Memphis, TN : One person struck, killed by vehicle on the corner of Summer Avenue and Highland Street on Thursday, Nov 12, 2015 ( Accident in Tennessee, Memphis) , United States | www.accidentsinus.com
Detroit, MI : 11-year-old boy injured in crash on Detroit\'s west side on Thursday, Nov 12, 2015 ( Accident in Michigan, Detroit) , United States | www.accidentsinus.com
Colorado Springs, CO : 62-year-old man died in a crash near North Powers and Dublin Boulevards on Wednesday night, Nov 11, 2015  ( Accident in Colorado, Colorado Springs) , United States | www.accidentsinus.com
Los Angeles, CA : Telugu actress Laya Gorty injured in car accident on Monday September 21 2015 ( Accident in Los Angeles,California) , United States | www.accidentsinus.com
Charlotte, NC : 24-year-old Brandon Chanthakoummane dead after attempting to exit car on Interstate 485 in west Charlotte early Thursday morning September 17 2015 ( Accident in Charlotte,North Carolina) , United States | www.accidentsinus.com
Brecksville, OH : Billings killed and four other people injured in crash Thursday night September 17 2015 ( Accident in Brecksville,Ohio) , United States | www.accidentsinus.com
Houston ,TX :Two students killed and Two others injured after school bus crash on Tuesday ,September 15th 2015 ( Accident in Houston,Texas) , United States | www.accidentsinus.com
Chesterfield County, SC : 8-year-old girl hit and killed by an SUV on Highway 9 September 10 2015 ( Accident in Chesterfield,South Carolina) , United States | www.accidentsinus.com
Forget Password in United States | www.accidentsinus.com
-
Pittsburg, CA : San Bruno woman died and San Francisco man injured in a multivehicle collision on Kirker Pass Road near Hess Road on Thursday night, Nov 12, 2015 ( Accident in California, Pittsburg) , United States | www.accidentsinus.com
Somis, CA : One person injured in a head-on crash near East Los Angeles Avenue and Aggen Road on Thursday, Nov 12, 2015 ( Accident in California, Somis) , United States | www.accidentsinus.com
Cocoa Beach, FL : 75 year-old man hit and killed by a vehicle in Brevard County on Thursday night, Nov 12, 2015 ( Accident in Florida, Cocoa Beach) , United States | www.accidentsinus.com
Paulding, OH : Three people injured afer a wrong-way crash in Paulding County on Thursday afternoon, Nov 12, 2015 ( Accident in Ohio, Paulding) , United States | www.accidentsinus.com
Bennington, OK : Pregnant woman died after a two-vehicle crash on U.S. Highway 70 in Bryan County on Thursday, Nov 12, 2015 ( Accident in Oklahoma, Bennington) , United States | www.accidentsinus.com
Las Vegas, NV : 80-year-old woman died after being hit by a pickup truck near West Charleston Boulevard on Thursday afternoon, Nov 12, 2015 ( Accident in Nevada, Las Vegas) , United States | www.accidentsinus.com
Detroit, MI : Tanker truck driver dies in crash with county vehicle on Interstate 275 in Wayne County on Thursday afternoon, Nov 12, 2015 ( Accident in Michigan, Detroit) , United States | www.accidentsinus.com
Reno, NV : No injuries after a car crashed into a hair salon on S. McCarran Boulevard.on Thursday afternoon, Nov 12, 2015 ( Accident in Nevada, Reno) , United States | www.accidentsinus.com
Naples, FL : Pedestrian hit and killed in crash in Collier County on Thursday, Nov 12, 2015 ( Accident in Florida, Naples) , United States | www.accidentsinus.com
Orlando, FL : Lawn worker hit, killed by car on Cedar Bay Street near Curry Ford and Conway roads on Thursday, Nov 12, 2015 ( Accident in Florida, Orlando) , United States | www.accidentsinus.com
Carrollton, KY : Steven Harbert, 36, died after struck a concrete culvert, then overturned on Highway 36 in Carroll County on Thursday, Nov 12, 2015 ( Accident in Kentucky, Carrollton) , United States | www.accidentsinus.com
Middleboro, MA : 61-year-old man died in a single-car crash on Route 495 in Middleboro on Thursday morning, Nov 12, 2015 ( Accident in Massachusetts, Middleton) , United States | www.accidentsinus.com
Orlando, FL : One person seriously injured after a  multi-vehicle crash near S.R. 408 on Thursday, Nov 12, 2015 ( Accident in Florida, Orlando) , United States | www.accidentsinus.com
Portland, OR : Speeding car sideswipes house, hits shop in SE Portland early Thursday morning, Nov 12, 2015 ( Accident in Oregon, Portland) , United States | www.accidentsinus.com
Milwaukee, WI : Driver dead after stolen car hits pole on south side early Thursday morning, Nov 12, 2015 ( Accident in Wisconsin, Milwaukee) , United States | www.accidentsinus.com
Warren, MI : 58-year-old woman killed after being hit by a pickup truck on Lorraine and Campbell avenues on Thursday night, Nov 12, 2015  ( Accident in Michigan, Warren) , United States | www.accidentsinus.com
Memphis, TN : One person struck, killed by vehicle on the corner of Summer Avenue and Highland Street on Thursday, Nov 12, 2015 ( Accident in Tennessee, Memphis) , United States | www.accidentsinus.com
Detroit, MI : 11-year-old boy injured in crash on Detroit\'s west side on Thursday, Nov 12, 2015 ( Accident in Michigan, Detroit) , United States | www.accidentsinus.com
Middleburg, FL : 12-year-old boy injured after being hit by a car on County Road 218 near Iris Street on Thursday afternoon, Nov 12, 2015 ( Accident in Florida, Middleburg) , United States | www.accidentsinus.com
Colorado Springs, CO : 62-year-old man died in a crash near North Powers and Dublin Boulevards on Wednesday night, Nov 11, 2015  ( Accident in Colorado, Colorado Springs) , United States | www.accidentsinus.com
( Accident in ) , United States | www.accidentsinus.com
Los Angeles, CA : Telugu actress Laya Gorty injured in car accident on Monday September 21 2015 ( Accident in Los Angeles,California) , United States | www.accidentsinus.com
( Accident in ) , United States | www.accidentsinus.com
Charlotte, NC : 24-year-old Brandon Chanthakoummane dead after attempting to exit car on Interstate 485 in west Charlotte early Thursday morning September 17 2015 ( Accident in Charlotte,North Carolina) , United States | www.accidentsinus.com
( Accident in ) , United States | www.accidentsinus.com
Brecksville, OH : Billings killed and four other people injured in crash Thursday night September 17 2015 ( Accident in Brecksville,Ohio) , United States | www.accidentsinus.com
( Accident in ) , United States | www.accidentsinus.com
Houston ,TX :Two students killed and Two others injured after school bus crash on Tuesday ,September 15th 2015 ( Accident in Houston,Texas) , United States | www.accidentsinus.com
( Accident in ) , United States | www.accidentsinus.com
( Accident in ) , United States | www.accidentsinus.com
Chesterfield County, SC : 8-year-old girl hit and killed by an SUV on Highway 9 September 10 2015 ( Accident in Chesterfield,South Carolina) , United States | www.accidentsinus.com
( Accident in ) , United States | www.accidentsinus.com
Libby, MT :Two people dead and one injured in crash on Sunday September 6 2015 ( Accident in Libby,Montana) , United States | www.accidentsinus.com
( Accident in ) , United States | www.accidentsinus.com
( Accident in ) , United States | www.accidentsinus.com
Ocala, FL : Pharmacist Balineni Madhavi Chowdhary killed in a car crash State Road 200 on Wednesday September 9 2015 ( Accident in Ocala,Florida) , United States | www.accidentsinus.com
( Accident in ) , United States | www.accidentsinus.com
Baltimore,MD : Maryland’s ‘Batman’  killed after struck by Toyota Camry on highway Sunday ,August 16th 2015 ( Accident in Baltimore,Maryland) , United States | www.accidentsinus.com
( Accident in ) , United States | www.accidentsinus.com
Cleveland ,OH :13-year-old Kaylyn Daumeyer died after ATV crash at family reunion on Monday ,August 10th 2015 ( Accident in Cleveland,Ohio) , United States | www.accidentsinus.com
( Accident in ) , United States | www.accidentsinus.com
Lake Alfred ,FL : James Yelvington, 60 killed while he getting into car on early Tuesday ,August 11th 2015 ( Accident in Lake Alfred,Florida) , United States | www.accidentsinus.com
( Accident in ) , United States | www.accidentsinus.com
Montague Township ,MI : 50- Years old Susan Cummings killed after hit-and-run crash on Saturday  Morning ,August 8th 2015 ( Accident in Muskegon,Michigan) , United States | www.accidentsinus.com
( Accident in ) , United States | www.accidentsinus.com
Shelby, IA: 17-year-old Anna Eggerss another injured in rollover crash on Wednesday, August 5th 2015 ( Accident in Iowa, Shelby) , United States | www.accidentsinus.com
( Accident in ) , United States | www.accidentsinus.com
Corydon,IN :20- Years old Miss Crawford County Sutherland killed after single-car accident on Early Saturday morning ,August 1st 2015 ( Accident in Corydon,Indiana) , United States | www.accidentsinus.com
( Accident in ) , United States | www.accidentsinus.com
Union County ,OH : Columbus firefighter killed in Union County crash on Monday night ,July 27th 2015 ( Accident in Columbus,Ohio) , United States | www.accidentsinus.com
( Accident in ) , United States | www.accidentsinus.com
Windsor ,NY :Veteran killed in motorcycle crash on Friday ,July 24th 2015 ( Accident in Windsor,New York) , United States | www.accidentsinus.com
( Accident in ) , United States | www.accidentsinus.com
Marshall County , MS : 14-year-old dies after crash in Marshall County on early Saturday morning , June 20th 2015 ( Accident in Holly Springs,Miisissippi) , United States | www.accidentsinus.com
( Accident in ) , United States | www.accidentsinus.com
Portland ,TN : 14- Years old girl killed and and woman charged  after hit and run Crash  on Tuesday night ,June 16 2015 ( Accident in Portland,Tennessee) , United States | www.accidentsinus.com
( Accident in ) , United States | www.accidentsinus.com
Ferrisburgh  , VT : Bicyclist dies in Ferrisburgh crash on Wednesday evening ,June 17th 2015 ( Accident in Ferrisburgh,Vermont) , United States | www.accidentsinus.com
List of all Videos for Road Accidents in United States | www.accidentsinus.com
List of all Road Accidents in Texas, United States - Road Accidents in Texas - Texas Road Accidents | www.accidentsinus.com
List of all Road Accidents in Texas, United States - Road Accidents in Texas - Texas Road Accidents | www.accidentsinus.com
Smith County, TX : Two people died in tractor-trailer crash on Interstate 20 in Smith County Wednesday October 7 2015 ( Accident in Smithland,Texas) , United States | www.accidentsinus.com
Tyler, TX : Two people died in a fiery crash involving two semis along Interstate 20 in Smith County on Wednesday night, Oct 7, 2015 ( Accident in Texas, Tyler) , United States | www.accidentsinus.com
Dallas, TX : Four people dead in fiery wreck on Dallas overpass involving tractor-trailer, another vehicle early Monday morning, Oct 5, 2015 ( Accident in Texas, Dallas) , United States | www.accidentsinus.com
Dickinson, TX : One man died, two injured a multiple-vehicle accident in the 5900 block of East FM 517 on Sunday night, Oct 4, 2015 ( Accident in Texas, Dickinson) , United States | www.accidentsinus.com
Bogata, TX : DeKalb man dead after a single-vehicle rollover accident on State Highway 37 Saturday night, Oct 3, 2015 ( Accident in Texas, Bogata) , United States | www.accidentsinus.com
Houston, TX : Woman killed after pickup collides with 18-wheeler in northeast Houston on Saturday october 3 2015 ( Accident in Houston,Texas) , United States | www.accidentsinus.com
Odessa, TX : Pedestrian dead after struck by car in Odessa on Saturday October 3 2015 ( Accident in Odessa,Texas) , United States | www.accidentsinus.com
Irving, TX : Officer injured, woman charged after a crash in a construction zone on Friday, Oct 2, 2015 ( Accident in Texas, Irving) , United States | www.accidentsinus.com
Mercedes, TX : Woman dies in fatal rollover crash on North Baseline Road and Mile 13 North on Wednesday night, Sep 30, 2015 ( Accident in Texas, Mercedes) , United States | www.accidentsinus.com
Brownsville, TX : Two people died in a car crash in south of Brownsville on Monday evening September 28 2015. ( Accident in Brownsville,Texas) , United States | www.accidentsinus.com
San Antonio, TX : Two women killed when their vehicle crashed into a highway barrier early Sunday, Sep 27, 2015 ( Accident in Texas, San Antonio) , United States | www.accidentsinus.com
Conroe, TX :  Two adults,and two children killed in fatal multi-car crash on Highway 105 Sunday September 27 2015. ( Accident in Conroe,Texas) , United States | www.accidentsinus.com
Texarkana, TX : Motorcyclist killd collision with car on Saturday afternoon September 26 2015. ( Accident in Texarkana,Texas) , United States | www.accidentsinus.com
Baird, TX : Four people  killed in two-vehicle crash in West Texas on Friday September 25 2015. ( Accident in Baird,Texas) , United States | www.accidentsinus.com
Edna, TX : six people dead and seven more injured in SUV rollover crash on Thursday September 24 2015 ( Accident in Edna,Texas) , United States | www.accidentsinus.com
Cactus, TX : Motorcyclist injured in crash on Cactus Bloom Lane on Tuesday September 22 2015 ( Accident in Cactus,Texas) , United States | www.accidentsinus.com
Mission, TX : 2-year-old girl died in a two-vehicle crash near the intersection of Jovanna Street and Moorefiled Road on Monday morning, Sep 21, 2015 ( Accident in Texas, Mission) , United States | www.accidentsinus.com
Orange, TX : 82-year-old Bridge City man injured after a one-vehicle crash on Highway 62 in Orange County on Monday, Sep 21, 2015 ( Accident in Texas, Orange) , United States | www.accidentsinus.com
Conroe, TX : Four people dead in 3-vehicle collision on Texas Highway 105 north of Houston on Sunday afternoon, Sep 20, 2015 ( Accident in Texas, Conroe) , United States | www.accidentsinus.com
New Deal ,TX :33-year-old female injured after her  car drove off I-27 and crashed into pole on Tuesday night ,September 15th 2015 ( Accident in New Deal,Texas) , United States | www.accidentsinus.com
404 (Page Not Found) Error - Ever feel like you\'re in the wrong place?
List of all Road Accidents in Alabama, United States - Road Accidents in Alabama - Alabama Road Accidents | www.accidentsinus.com
302 redirect to /Error/404.aspx?aspxerrorpath=/accidentsinus/States/Alaska/RoadAccidents_Alaska_TrafficeReports.aspx
List of all Road Accidents in Arizona, United States - Road Accidents in Arizona - Arizona Road Accidents | www.accidentsinus.com
List of all Road Accidents in Arkansas, United States - Road Accidents in Arkansas - Arkansas Road Accidents | www.accidentsinus.com
List of all Road Accidents in California, United States - Road Accidents in California - California Road Accidents | www.accidentsinus.com
List of all Road Accidents in Colorado, United States - Road Accidents in Colorado - Colorado Road Accidents | www.accidentsinus.com
List of all Road Accidents in Classifieds, United States - Road Accidents in Classifieds - Classifieds Road Accidents | www.accidentsinus.com
List of all Road Accidents in Delaware, United States - Road Accidents in Delaware - Delaware Road Accidents | www.accidentsinus.com
List of all Road Accidents in DistrictofColumbia, United States - Road Accidents in DistrictofColumbia - DistrictofColumbia Road Accidents | www.accidentsinus.com
List of all Road Accidents in Florida, United States - Road Accidents in Florida - Florida Road Accidents | www.accidentsinus.com
List of all Road Accidents in Georgia, United States - Road Accidents in Georgia - Georgia Road Accidents | www.accidentsinus.com
List of all Road Accidents in Hawaii, United States - Road Accidents in Hawaii - Hawaii Road Accidents | www.accidentsinus.com
List of all Road Accidents in Idaho, United States - Road Accidents in Idaho - Idaho Road Accidents | www.accidentsinus.com
List of all Road Accidents in Illinois, United States - Road Accidents in Illinois - Illinois Road Accidents | www.accidentsinus.com
List of all Road Accidents in Indiana, United States - Road Accidents in Indiana - Indiana Road Accidents | www.accidentsinus.com
List of all Road Accidents in Iowa, United States - Road Accidents in Iowa - Iowa Road Accidents | www.accidentsinus.com
List of all Road Accidents in Kansas, United States - Road Accidents in Kansas - Kansas Road Accidents | www.accidentsinus.com
List of all Road Accidents in Kentucky, United States - Road Accidents in Kentucky - Kentucky Road Accidents | www.accidentsinus.com
List of all Road Accidents in Louisiana, United States - Road Accidents in Louisiana - Louisiana Road Accidents | www.accidentsinus.com
List of all Road Accidents in Maine, United States - Road Accidents in Maine - Maine Road Accidents | www.accidentsinus.com
List of all Road Accidents in Maryland, United States - Road Accidents in Maryland - Maryland Road Accidents | www.accidentsinus.com
List of all Road Accidents in Massachusetts, United States - Road Accidents in Massachusetts - Massachusetts Road Accidents | www.accidentsinus.com
List of all Road Accidents in Michigan, United States - Road Accidents in Michigan - Michigan Road Accidents | www.accidentsinus.com
List of all Road Accidents in Miisissippi, United States - Road Accidents in Miisissippi - Miisissippi Road Accidents | www.accidentsinus.com
List of all Road Accidents in Minnesota, United States - Road Accidents in Minnesota - Minnesota Road Accidents | www.accidentsinus.com
List of all Road Accidents in Missouri, United States - Road Accidents in Missouri - Missouri Road Accidents | www.accidentsinus.com
List of all Road Accidents in Montana, United States - Road Accidents in Montana - Montana Road Accidents | www.accidentsinus.com
List of all Road Accidents in Nebraska, United States - Road Accidents in Nebraska - Nebraska Road Accidents | www.accidentsinus.com
List of all Road Accidents in Nevada, United States - Road Accidents in Nevada - Nevada Road Accidents | www.accidentsinus.com
List of all Road Accidents in NewHampshire, United States - Road Accidents in NewHampshire - NewHampshire Road Accidents | www.accidentsinus.com
List of all Road Accidents in NewJersey, United States - Road Accidents in NewJersey - NewJersey Road Accidents | www.accidentsinus.com
List of all Road Accidents in NewMexico, United States - Road Accidents in NewMexico - NewMexico Road Accidents | www.accidentsinus.com
List of all Road Accidents in NewYork, United States - Road Accidents in NewYork - NewYork Road Accidents | www.accidentsinus.com
List of all Road Accidents in NorthCarolina, United States - Road Accidents in NorthCarolina - NorthCarolina Road Accidents | www.accidentsinus.com
List of all Road Accidents in NorthDakota, United States - Road Accidents in NorthDakota - NorthDakota Road Accidents | www.accidentsinus.com
List of all Road Accidents in Ohio, United States - Road Accidents in Ohio - Ohio Road Accidents | www.accidentsinus.com
List of all Road Accidents in Oklahoma, United States - Road Accidents in Oklahoma - Oklahoma Road Accidents | www.accidentsinus.com
List of all Road Accidents in Oregon, United States - Road Accidents in Oregon - Oregon Road Accidents | www.accidentsinus.com
List of all Road Accidents in Pennsylvania, United States - Road Accidents in Pennsylvania - Pennsylvania Road Accidents | www.accidentsinus.com
List of all Road Accidents in RhodeIsland, United States - Road Accidents in RhodeIsland - RhodeIsland Road Accidents | www.accidentsinus.com
List of all Road Accidents in SouthCarolina, United States - Road Accidents in SouthCarolina - SouthCarolina Road Accidents | www.accidentsinus.com
List of all Road Accidents in SouthDakota, United States - Road Accidents in SouthDakota - SouthDakota Road Accidents | www.accidentsinus.com
List of all Road Accidents in Tennessee, United States - Road Accidents in Tennessee - Tennessee Road Accidents | www.accidentsinus.com
List of all Road Accidents in Utah, United States - Road Accidents in Utah - Utah Road Accidents | www.accidentsinus.com
List of all Road Accidents in Vermont, United States - Road Accidents in Vermont - Vermont Road Accidents | www.accidentsinus.com
List of all Road Accidents in Virginia, United States - Road Accidents in Virginia - Virginia Road Accidents | www.accidentsinus.com
List of all Road Accidents in Washington, United States - Road Accidents in Washington - Washington Road Accidents | www.accidentsinus.com
List of all Road Accidents in WestVirginia, United States - Road Accidents in WestVirginia - WestVirginia Road Accidents | www.accidentsinus.com
List of all Road Accidents in Wisconsin, United States - Road Accidents in Wisconsin - Wisconsin Road Accidents | www.accidentsinus.com
List of all Road Accidents in Wyoming, United States - Road Accidents in Wyoming - Wyoming Road Accidents | www.accidentsinus.com
Traffic Reports by state and city in United States | www.accidentsinus.com
-
-
List of all Videos for Road Accidents in United States | www.accidentsinus.com
List of all Videos for Road Accidents in United States | www.accidentsinus.com
List of all Road Accidents in Texas, United States - Road Accidents in Texas - Texas Road Accidents | www.accidentsinus.com
Houston, TX : Two students dead in Houston school bus crash on Tuesday morning September 15 2015 ( Accident in Houston,Texas) , United States | www.accidentsinus.com
Houston, TX :  Two students were killed, and two others and a bus driver were injured in crashTuesday September 15 2015 ( Accident in Houston,Texas) , United States | www.accidentsinus.com
Houston ,TX :Two Students killed and three others injured after School bus crash on Tuesday ,September 15th 2015 ( Accident in Houston,Texas) , United States | www.accidentsinus.com
Channing, TX : Three truck drivers are dead two semi trucks collided on Highway 385 North of Channing on Wednesday morning September 9 2015 ( Accident in Channing,Texas) , United States | www.accidentsinus.com
Amarillo, Tx : Police Officer in critical condition after being involved in a head-on collision while on duty Tuesday morning, Sep 8, 2015 ( Accident in Texas, Amarillo) , United States | www.accidentsinus.com
Harris County,TX : Cement truck driver killed truck crash in Highway 249 on Tuesday, September 8, 2015 ( Accident in Harris County,Texas) , United States | www.accidentsinus.com
Dallas, TX : Four women died and 19-Year-Old Man Arrested After hit-and-run crash near Webb Chapel Road and Park Lane in Northwest Dallas on Saturday night, Sep 5, 2015 ( Accident in Texas, Dallas) , United States | www.accidentsinus.com
Kemp, TX : Mesquite man, 51, dies in fiery crash near Kemp on Wednesday, Sep 2, 2015 ( Accident in Texas, Kemp) , United States | www.accidentsinus.com
Austin ,TX :Four people killed after flery one-vehicle crash on Sunday morning ,August 30th 2015 ( Accident in Austin,Texas) , United States | www.accidentsinus.com
College Station, TX : Bicyclist hit by car near A&M campus on Thursday, Aug 27, 2015 ( Accident in Texas, College Station) , United States | www.accidentsinus.com
Houston, TX : Deputy constable in critical condition after being struck by car on Sunday night, Aug 23, 2015  ( Accident in Texas, Houston) , United States | www.accidentsinus.com
Mustang Ridge ,TX : Four people killed and five others injured injured after rollover traffic accident on Thursday morning ,August 13th 2015 ( Accident in Mustang,Texas) , United States | www.accidentsinus.com
Greenville, TX : Three teenagers from Virginia killed in a car accident Interstate 30 Thursday,August 13th 2015 ( Accident in Greenville,Texas) , United States | www.accidentsinus.com
League City,TX : Motorcycle driver died in crash Interstate 45 on Tuesday August 11th 2015 ( Accident in League City,Texas) , United States | www.accidentsinus.com
Travis County, TX : Motorcyclist dead, driver of car arrested in alleged DWI crash on Congress Avenue and 4th Street in Austin on Sunday morning, Aug 9, 2015 ( Accident in Texas, Austin) , United States | www.accidentsinus.com
Greenville,TX : Three northern Virginia teenagers died in a car crash on Saturday August 8th 2015 ( Accident in Greenville,Texas) , United States | www.accidentsinus.com
Amarillo, TX : 55 year-old Gayla Taylor died in single-vehicle crash on I-40 near McLean on Friday afternoon, Aug 7, 2015 ( Accident in Texas, Amarillo) , United States | www.accidentsinus.com
San Antonio, TX : 45-year-old man killed and one person injured in head-on crash between Porche and minivan on Vance Jackson Road in San Antonio on Friday morning, Aug 7, 2015 ( Accident in Texas, San Antonio) , United States | www.accidentsinus.com
Kountze, TX: 60-year-old man killed in single-vehicle crash on Friday afternoon August 7th 2015 ( Accident in Kountze,Texas) , United States | www.accidentsinus.com
List of all Road Accidents in Alabama, United States - Road Accidents in Alabama - Alabama Road Accidents | www.accidentsinus.com
Montgomery, AL : Newton Woman Killed in 2-Vehicle Crash On Highway 231 in Pike County on Wednesday evening, Nov 11, 2015 ( Accident in Alabama, Montgomery) , United States | www.accidentsinus.com
Brundidge, AL : Joy Bonner, 69, killed and two injured in a two-vehicle crash in Pike County on Wednesday, Nov 11, 2015 ( Accident in Alabama, Brundidge) , United States | www.accidentsinus.com
Grand Bay, AL : Grand Bay man killed after motorcycle collides with car in Highway 90 on Tuesday November 10 2015 ( Accident in Grand Bay,Alabama) , United States | www.accidentsinus.com
Lanett, AL : One man killed in struck by car near Lanett Alabama on Thursday November 5 2015 ( Accident in Lanett,Alabama) , United States | www.accidentsinus.com
Montgomery, AL : Four people Injuries in multi-vehicle crash on Hwy. 231 in north Montgomery County on Tuesday, Nov 3, 2015 ( Accident in Alabama, Montgomery) , United States | www.accidentsinus.com
Glencoe, AL : Ohatchee woman died after a single-vehicle crash early Sunday, Nov 1, 2015 ( Accident in Alabama, Glencoe) , United States | www.accidentsinus.com
Cullman, AL : One person died after a single-vehicle crash on I-65 in Cullman County on Sunday morning, Nov 1, 2015 ( Accident in Alabama, Cullman) , United States | www.accidentsinus.com
Tuskegee, AL : Boy, 5, struck, killed by school bus while picking up books in eastern Alabama early Monday, Oct 26, 2015 ( Accident in Alabama, Tuskegee) , United States | www.accidentsinus.com
"Madison County, AL : Madison County teenager killed in single-vehicle crash on Saturday October 24 2015	 ( Accident in Madison,Alabama) , United States | www.accidentsinus.com"
Opp, AL : Coroner IDs motorist killed when his car, school bus collide on Wednesday October 21 2015 ( Accident in Opp,Alabama) , United States | www.accidentsinus.com
"Eastaboga, AL : Eastaboga man killed in motorcycle struck a car Friday October 16 2015	 ( Accident in Eastaboga,Alabama) , United States | www.accidentsinus.com"
Jefferson County, AL : 24-year-old man died in single-vehicle accident in Highway 59 on Tuesday October 13 2015 ( Accident in Jefferson,Alabama) , United States | www.accidentsinus.com
Birmingham, AL : 21-year-old Kaylan Perry motorcycle crash on Sunday afternoon October 4 2015 ( Accident in Birmingham,Alabama) , United States | www.accidentsinus.com
Etowah County, AL : Man killed in head-on collision outside Boaz on Saturday, Oct 3, 2015 ( Accident in Alabama, Gadsden) , United States | www.accidentsinus.com
Northport, AL : Fayette man killed, 2 teens injured in head-on collision on U.S. Highway 43 Saturday night, Oct 3, 2015 ( Accident in Alabama, Northport) , United States | www.accidentsinus.com
Montgomery, AL : Tiffany Jiles, 39, died in a two-vehicle crash on McGehee Road on Friday morning, Oct 2, 2015 ( Accident in Alabama, Montgomery) , United States | www.accidentsinus.com
Montgomery, AL : one person injured in Montgomery crash on Friday October 2 2015 ( Accident in Montgomery,Alabama) , United States | www.accidentsinus.com
Evergreen, AL : Andra Carnell Mitchell, 32, dead after a head-on collision involving a motorcyclist and pickup truck in Conecuh County on Thursday, Oct 1, 2015 ( Accident in Alabama, Evergreen) , United States | www.accidentsinus.com
Burnt Corn, AL : Man killed in motorcycle crash on Wednesday September 30 2015 ( Accident in Burnt Corn,Alabama) , United States | www.accidentsinus.com
Coosada, AL :  Bill Jackson, Weld County\'s voice of agriculture, dies in Montrose traffic crash Sunday September 27 2015. ( Accident in Coosada,Alabama) , United States | www.accidentsinus.com
Page not found
List of all Road Accidents in Arizona, United States - Road Accidents in Arizona - Arizona Road Accidents | www.accidentsinus.com
Phoenix, AZ : Seven people injured after 6-vehicle crash on State Route 51 at Union Hills on Wednesday, Nov 11, 2015 ( Accident in Arizona, Phoenix) , United States | www.accidentsinus.com
Scottsdale, AZ : Police officer injured after a motorcycle crash at Jomax Road on Wednesday, Nov 11, 2015 ( Accident in Arizona, Scottsdale) , United States | www.accidentsinus.com
Chandler, AZ : pedestrian hit by two vehicles in Chandler Boulevard on Tuesday November 10 2015 ( Accident in Chandler,Arizona) , United States | www.accidentsinus.com
Tucson, AZ : Child and an adult injured after a two-vehicle crash at at West Prince Road and North Stone Avenue on Sunday morning, Nov 8, 2015 ( Accident in Arizona, Tucson) , United States | www.accidentsinus.com
Avondale, AZ : Man, woman killed in 3-vehicle crash on MC 85 near Avondale Boulevard on Sunday, Nov 8, 2015 ( Accident in Arizona, Avondale) , United States | www.accidentsinus.com
Cedar Creek, AZ : Paramedic killed in off-duty single-vehicle crash on Wednesday November 4 2015 ( Accident in Cedar Creek,Arizona) , United States | www.accidentsinus.com
Flagstaff, AZ : 19-year-old man dead and five other people injured after car crashes into trees in Flagstaff on Tuesday morning, Nov 3, 2015 ( Accident in Arizona, Flagstaff) , United States | www.accidentsinus.com
Scottsdale, AZ : Six people injured in a four-vehicle crash involved a PMT ambulance in Scottsdale on Sunday evening, Nov 1, 2015 ( Accident in Arizona, Scottsdale) , United States | www.accidentsinus.com
Goodyear, AZ : Motorcyclist dead in four other injured in vehicle collision in Goodyear on Saturday October 31 2015 ( Accident in Goodyear,Arizona) , United States | www.accidentsinus.com
Phoenix, AZ : one person killed in fiery crash on Interstate 17 Saturday October 31 2015 ( Accident in Phoenix,Arizona) , United States | www.accidentsinus.com
Goodyear, AZ : Motorcycle rider killed and four other people injured in a crash in Goodyear Saturday October 31 2015   ( Accident in Goodyear,Arizona) , United States | www.accidentsinus.com
Bullhead City, AZ : 22-year-old Troy Urban,died and other injured in fatal crash on Saturday October 31 2015   ( Accident in Bullhead City,Arizona) , United States | www.accidentsinus.com
Phoenix, AZ : Pedestrian killed in early morning hit-and-run accident on Wednesday October 28 2015 ( Accident in Phoenix,Arizona) , United States | www.accidentsinus.com
Phoenix, AZ : Pedestrian killed in early morning hit-and-run accident on Wednesday October 28 2015 ( Accident in Phoenix,Arizona) , United States | www.accidentsinus.com
Prescott, AZ : Sheriff\'s Office  Avondale man killed in off-road accident in remote area of Yavapai County on Tuesday October 27 2015 ( Accident in Prescott,Arizona) , United States | www.accidentsinus.com
Tempe, AZ : Ambulance struck in 3-vehicle collision at Scottsdale Road Tuesday morning, Oct 27, 2015 ( Accident in Arizona, Tempe) , United States | www.accidentsinus.com
Tolleson, AZ : One woman and one child seriously injured in car crash in Tolles on Saturday October 24 2015 ( Accident in Tolleson,Arizona) , United States | www.accidentsinus.com
Scottsdale, AZ : Three people injured in 10-vehicle crash in Scottsdale that involved a dump truck on Friday October 23 2015 ( Accident in Scottsdale,Arizona) , United States | www.accidentsinus.com
Phoenix, AZ : RV driver died in rollover crash on Loop 101 southbound at the Thomas Road off ramp on Thursday morning, Oct 22, 2015 ( Accident in Arizona, Phoenix) , United States | www.accidentsinus.com
Tucson, AZ : 2-year-old girl succumbs to injuries from vehicle collision at Valencia and Palo Verde roads on Thursday, OCT 22, 2015 ( Accident in Arizona, Tucson) , United States | www.accidentsinus.com
List of all Road Accidents in Arkansas, United States - Road Accidents in Arkansas - Arkansas Road Accidents | www.accidentsinus.com
Heber Springs, AR : Scottie Paul Heifner, 38, died after a single-vehicle crash on State Highway 337 in Cleburne County on Wednesday, Nov 11, 2015 ( Accident in Arkansas, Heber Springs) , United States | www.accidentsinus.com
Lawrence County, AR : Lawrence County man killed in two-vehicle crash in  Highway 412 on Tuesday November 10 2015 ( Accident in Lawrence County,Arkansas) , United States | www.accidentsinus.com
Magnolia, AR : 60-year-old Jesse James Manning died in single vehicle crash in Columbia County on Saturday, Nov 7, 2015 ( Accident in Arkansas, Magnolia) , United States | www.accidentsinus.com
Little Rock, AR : Six people killed and six injured in Bus crash Arkansas on Friday November 6 2015 ( Accident in Little Rock,Arkansas) , United States | www.accidentsinus.com
Marion, AR : Memphis man killed after a crash on Interstate 40 in Crittenden County on Friday, Nov 6, 2015 ( Accident in Arkansas, Marion) , United States | www.accidentsinus.com
White County, AR : Donna M. Wilson, 58, of Beebe died in two-vehicle crash on Arkansas Highway 267 and Blue Hole Road on Tuesday, Nov 3, 2015 ( Accident in Arkansas, Searcy) , United States | www.accidentsinus.com
Searcy, AR : Four people died after jeep flipped and hit a tree on Highway 31 in White County on Saturday night, Oct 31, 2015 ( Accident in Arkansas, Searcy) , United States | www.accidentsinus.com
Trumann, AR : Jerry Lee Collins, 26, died after hit by a car on Highway 463 in front of Country Mart on Wednesday morning, Oct 28, 2015 ( Accident in Arkansas, Trumann) , United States | www.accidentsinus.com
Clifty, AR : 56-year-old Kevin Cain died in head-on collision in western Arkansas on Wednesday, Oct 28, 2015 ( Accident in Arkansas, <-- Select City -->) , United States | www.accidentsinus.com
Jonesboro, AR : One person dead in crash on CW Post Road Monday afternoon, Oct 26, 2015 ( Accident in Arkansas, Jonesboro) , United States | www.accidentsinus.com
Batesville, AR : 2 teenagers killed, four injured after car strikes tree in Independence County on Monday night, Oct 26, 2015 ( Accident in Arkansas, Batesville) , United States | www.accidentsinus.com
Newport, AR : Jason Ligons, 36, died after a one-vehicle crash on Highway 17 Sunday night, Oct 25, 2015 ( Accident in Arkansas, Newport) , United States | www.accidentsinus.com
"East End, AR : Mississippi man died vehicle crash on Interstate 530 in central Arkansas on Saturday October 24 2015	 ( Accident in East End,Arkansas) , United States | www.accidentsinus.com"
Smackover, AR : Two people killed in separate auto crashes on Highway 7 state roads on Friday  October 23 2015 ( Accident in Smackover,Arkansas) , United States | www.accidentsinus.com
Newport, AR :  36-year-old Jason Ligons died in vehicle crash Highway 17 on Sunday October 18 2015 ( Accident in Newport,Arkansas) , United States | www.accidentsinus.com
Jonesboro, AR : Several people injured after Jonesboro crash on Wednesday afternoon October 14 2015 ( Accident in Jonesboro,Arkansas) , United States | www.accidentsinus.com
Joiner, AR : Poinsett County man died in a single-vehicle crash on Highway 77 in Mississippi County on Tuesday, Oct 13, 2015 ( Accident in Arkansas, Joiner) , United States | www.accidentsinus.com
Baxter County, AR : One man killed and three others injured in crash on Friday October 9 2015 ( Accident in Bexar,Arkansas) , United States | www.accidentsinus.com
St. Francis County, AR : One woman died and one man injured in a crash on U.S. 70 east of Forrest City on Wednesday, Oct 7, 2015 ( Accident in Arkansas, Forrest City) , United States | www.accidentsinus.com
Crabtree, AR :  Head-on crash on Hwy. 49 leads to minor injuries on Wednesday October 7 2015 ( Accident in Crabtree,Arkansas) , United States | www.accidentsinus.com
List of all Road Accidents in California, United States - Road Accidents in California - California Road Accidents | www.accidentsinus.com
Sutter County, CA : One killed in crash with big rig on Highway 113 in Sutter County Wednesday November 11 2015 ( Accident in Sutter County,California) , United States | www.accidentsinus.com
Gilroy, CA : 76-year-old man died in a crash on Highway 152 early Monday, Nov 9, 2015 ( Accident in California, Gilroy) , United States | www.accidentsinus.com
Los Angeles, CA : Four people injured after a two-vehicle crash on Interstate 5 near Vista Del Lago Road on Sunday, Nov 8, 2015 ( Accident in California, Los Angeles) , United States | www.accidentsinus.com
Santa Fe Springs, CA : Man killed after car crashes, bursts into flames in Santa Fe Springs early Sunday, Nov 8, 2015 ( Accident in California, Santa Fe Springs) , United States | www.accidentsinus.com
Lancaster, CA : 50-year-old Oak Hills man killed in solo vehicle crash on State Route 138 west of 300th Street West in Lancaster early Sunday morning, Nov 8, 2015 ( Accident in California, Lancaster) , United States | www.accidentsinus.com
San Bernardino, CA : Motorcyclist died, drunk driver arrested after a fatal crash on the west 210 Freeway Sunday night, Nov 8, 2015 ( Accident in California, San Bernardino) , United States | www.accidentsinus.com
Ontario, CA : San Bernardino police officer killed when cruiser struck by suspected drunk driver early Thursday, Nov 5, 2015 ( Accident in California, Ontario) , United States | www.accidentsinus.com
Ontario, CA : On-duty San Bernardino police officer killed in crash on Thursday November 5 2015 ( Accident in Ontario,California) , United States | www.accidentsinus.com
San Diego, CA : Two people injured in SUV and car collided on Interstate 5 near Balboa Park on Thursday November 5 2015 ( Accident in San Diego,California) , United States | www.accidentsinus.com
Casitas Springs, CA : Three people injured in head-on crash near the Ojai Valley on Wednesday night, Nov 4, 2015 ( Accident in California, <-- Select City -->) , United States | www.accidentsinus.com
Los Angeles, CA : Driver killed in collision on I-5 truck lanes on Wednesday, Nov 4, 2015 ( Accident in California, Los Angeles) , United States | www.accidentsinus.com
San Diego, CA : One person injured after a Car crashes on rain-slicked freeway ramp in Bay Park early Wednesday, Nov 4, 2015 ( Accident in California, San Diego) , United States | www.accidentsinus.com
Milpitas, CA : Motorcyclist killed in one of two crashes that snarled I-880 on Tuesday morning, Nov 3, 2015 ( Accident in California, Milpitas) , United States | www.accidentsinus.com
El Dorado County, CA : 18 years old Man and woman killed in a crash on Highway 49 south of China Hill Road between Placerville and Plymouth on Tuesday morning, Nov 3, 2015 ( Accident in California, Placerville) , United States | www.accidentsinus.com
Lemoore, CA : Two people dead and third seriously injured after stolen Fresno pickup crashes in Kings County on Tuesday, Nov 3, 2015 ( Accident in Lemoore,California) , United States | www.accidentsinus.com
Bakersfield, CA : Only minor injuries in a crash involving 18 vehicles on Highway 99 near Bear Mountain Boulevard south of Bakersfield on Monday, Nov 2, 2015 ( Accident in California, Bakersfield) , United States | www.accidentsinus.com
Martinez, CA : 2 Pleasant Hill teens killed and another injured in car crash in rural Contra Costa County early Sunday morning, Nov 1, 2015 ( Accident in California, Martinez) , United States | www.accidentsinus.com
Tulare, CA : Two adults and unborn baby die in a car crash on Mooney Boulevard south of East Prosperity Avenue on Saturday, Oct 31, 2015 ( Accident in California, Tulare) , United States | www.accidentsinus.com
List of all Road Accidents in Colorado, United States - Road Accidents in Colorado - Colorado Road Accidents | www.accidentsinus.com
Salida, CO : Littleton woman died in a single-car crash involving a stolen car in Chaffee County on Wednesday, Nov 11, 2015 ( Accident in Colorado, Salida) , United States | www.accidentsinus.com
Jefferson, CO : No students injured in school bus crash in Jefferson County on Tuesday November 10 2015 ( Accident in Jefferson,Colorado) , United States | www.accidentsinus.com
El Paso County, CO : One person killed in car accident in Highway 94 El Paso County on Tuesday November 10 2015 ( Accident in El Paso County,Colorado) , United States | www.accidentsinus.com
Colorado Springs, CO : Two people injured, 1 arrested after a car crash near the Hancock Expressway on Saturday, Nov 7, 2015 ( Accident in Colorado, Colorado Springs) , United States | www.accidentsinus.com
Westminster, CO : Several people injured in multi-car crash on Wadsworth Parkway on Saturday, Nov 7, 2015 ( Accident in Colorado, Westminster) , United States | www.accidentsinus.com
Baca County, CO : One person killed and three others minor injuries rollover crash in Baca County on Highway 287 on Saturday November 7 2015 ( Accident in Baca County,Colorado) , United States | www.accidentsinus.com
Springfield, CO : One person dead in ambulance crashes into tractor outside Springfield on Friday November 6 2015 ( Accident in Springfield,Colorado) , United States | www.accidentsinus.com
Colorado Springs, CO : One person killed in a crash on Friday November 6 2015 ( Accident in Colorado Springs,Colorado) , United States | www.accidentsinus.com
Ellicott, CO : One person killed in crash Highway 94 and Ellicott on Friday November 6 2015 ( Accident in Ellicott,Colorado) , United States | www.accidentsinus.com
Colorado Springs, CO : Stolen-car chase in Colorado Springs results in 4-vehicle crash on Monday night, Nov 2, 2015 ( Accident in Colorado, Colorado Springs) , United States | www.accidentsinus.com
Colorado Springs, CO :  Four people dead in crash Colorado Springs on Saturday October 31 2015 ( Accident in Colorado Springs,Colorado) , United States | www.accidentsinus.com
Colorado Springs, CO : Vehicle slams through fence in Colorado Springs crash on Thursday eveningf, Oct 29, 2015 ( Accident in Colorado, Colorado Springs) , United States | www.accidentsinus.com
Colorado Springs, CO : 64-year-old man died after crashed SUV into a convenience store on the city’s northeast side on Tuesday night, Oct 27, 2015 ( Accident in Colorado, Colorado Springs) , United States | www.accidentsinus.com
Colorado Springs, CO : Motorcyclist killed in crash as he tried to outrun state trooper in Colorado Springs on Tuesday morning, Oct 27, 2015 ( Accident in Colorado, Colorado Springs) , United States | www.accidentsinus.com
Colorado Springs, CO : John Griffin, 38, died in a two-vehicle crash in eastern El Paso County on Monday evening, Oct 26, 2015 ( Accident in Colorado, Colorado Springs) , United States | www.accidentsinus.com
Park County, CO : Colorado woman trapped for days in Park County car crash sues GM on Monday October 26 2015 ( Accident in Park County,Colorado) , United States | www.accidentsinus.com
Fort Collins, CO : More wildlife dying on Colorado roadways during fall season on Thursday October 22 2015 ( Accident in Fort Collins,Colorado) , United States | www.accidentsinus.com
Hugo, CO : Two people killed, two injured in chain-reaction semitrailer accident near Hugo on Thursday October 22 2015 ( Accident in Hugo,Colorado) , United States | www.accidentsinus.com
Colorado Springs, CO : One person killed in overnight crash in Colorado Springs on Wednesday October 21 2015 ( Accident in Colorado Springs,Colorado) , United States | www.accidentsinus.com
List of all Road Accidents in Classifieds, United States - Road Accidents in Classifieds - Classifieds Road Accidents | www.accidentsinus.com
Hartford, CT : 47-year-old woman died in a motorcycle crash on Interstate 84 in Hartford on Sunday, Nov 8, 2015 ( Accident in Connecticut, Hartford) , United States | www.accidentsinus.com
Waterbury, CT : Man, 60, killed after car struck concrete barrier on I-84 in Waterbury on Saturday, Nov 7, 2015 ( Accident in Connecticut, Waterbury) , United States | www.accidentsinus.com
Thompson, CT : Two people dead after Wrong way crash on Interstate 395 on Thursday November 5 2015 ( Accident in Thompson,Connecticut) , United States | www.accidentsinus.com
Gulford, CT : Woman struck, killed by SUV while crossing street in Guilford on Tuesday, Nov 3, 2015 ( Accident in Connecticut, Guilford) , United States | www.accidentsinus.com
Southbury, CT : Passenger injured after being thrown from a car in a rollover crash on Interstate 84 west in Southbury early Sunday morning, Nov 1, 2015 ( Accident in Connecticut, Southbury) , United States | www.accidentsinus.com
Woodbridge, CT : Woman died after a hit-and-run crash on Route 15 on the Wilbur Cross Parkway on Friday, Oct 30, 2015 ( Accident in Connecticut, Woodbridge) , United States | www.accidentsinus.com
Ellington,CT : Thompson woman identified in fatal rollover crash on Tuesday October 27 2015 ( Accident in Ellington,Connecticut) , United States | www.accidentsinus.com
Middlebury, CT : Brookfield man killed in I-84 crash on Sunday night, Oct 25, 2015 ( Accident in Connecticut, Middlebury) , United States | www.accidentsinus.com
East Haven, CT : East Haven police looking for silver SUV after 2 people were hurt in hit-and-run crash on Sunday, Oct 25, 2015 ( Accident in Connecticut, East Haven) , United States | www.accidentsinus.com
Trumbull, CT : Police identify Bridgeport woman, 62, who died in crash on Route 8 Saturday morning, OCT 24, 2015 ( Accident in Connecticut, Trumbull) , United States | www.accidentsinus.com
Shelton, CT : 24-year-old mother dead after a head-on collision on Thursday October 22 2015 ( Accident in Shelton,Connecticut) , United States | www.accidentsinus.com
Ellington, CT : One person dead, another injured after rollover crash on Route 83 in northern Connecticut on Tuesday, Oct 20, 2015 ( Accident in Connecticut, Ellington) , United States | www.accidentsinus.com
Bristol, CT : One person died after fatal motorcycle crash at an intersection in Bristol on Friday morning, Oct 16, 2015 ( Accident in Connecticut, Bristol) , United States | www.accidentsinus.com
Shelton, CT : 24-year-old mother dead after a head-on collision Bridgeport Avenue on Thursday October 15 2015 ( Accident in Shelton,Connecticut) , United States | www.accidentsinus.com
Manchester, CT : Woman in critical condition after hit-and-run accident on Monday night, Oct 12, 2015 ( Accident in Connecticut, Manchester) , United States | www.accidentsinus.com
Chester, CT : One person died in a one-car accident on Route 9 in Chester on Sunday, Oct 11, 2015 ( Accident in Connecticut, Chester) , United States | www.accidentsinus.com
Stratford, CT : David Mazza, 56, died in motorcycle crash on I-95 in Stratford on Saturday, OCT 10, 2015 ( Accident in Connecticut, Stratford) , United States | www.accidentsinus.com
Cheshire, CT : 90-year-old woman struck and killed by a vehicle while crossing a Cheshire street on Saturday evening, Oct 10, 2015 ( Accident in Connecticut, Cheshire) , United States | www.accidentsinus.com
Norwalk, CT : One person dead in coach bus crash on Interstate 95 Wednesday afternoon, Oct 7, 2015 ( Accident in Connecticut, Norwalk) , United States | www.accidentsinus.com
Norwalk, CT : 85-year-old woman killed in a motor vehicle crash on Route 7 in Norwalk on Tuesday afternoon, Oct 6, 2015 ( Accident in Connecticut, Norwalk) , United States | www.accidentsinus.com
List of all Road Accidents in Delaware, United States - Road Accidents in Delaware - Delaware Road Accidents | www.accidentsinus.com
Newark, DE : Pedestrian struck and killed by box truck in Newark Delaware on Tuesday November 10 2015 ( Accident in Newark,Delaware) , United States | www.accidentsinus.com
Middletown, DE : Motorcyclist killed in collision with car on Summit Bridge Road on Wednesday, Nov 4, 2015 ( Accident in Delaware, Middletown) , United States | www.accidentsinus.com
Bethany Beach, DE : Pedestrian critically injured in a car wreck in Bethany Beach on Sunday, Nov 1, 2015 ( Accident in Delaware, Bethany Beach) , United States | www.accidentsinus.com
Clayton, DE : One seriously injured after car wreck on Holletts Corner Road in Clayton on Sunday, Nov 1, 2015 ( Accident in Delaware, Clayton) , United States | www.accidentsinus.com
Seaford, DE : One man seriously injured in car crash on Laurel Road on Saturday, Oct 24, 2015 ( Accident in Delaware, Seaford) , United States | www.accidentsinus.com
"Townsend, DE : Two people seriously injured after Two-vehicle crash in Townsend Saturday October 24 2015	 ( Accident in Townsend,Delaware) , United States | www.accidentsinus.com"
Dover, DE  : Police investigating Dover construction zone crash that critically injured man on Thursday October 22 2015 ( Accident in Dover,Delaware) , United States | www.accidentsinus.com
Harbeson, DE : One person dead after crash near Harbeson after car drifts into oncoming traffic on Sunday, Oct 18, 2015 ( Accident in Delaware, Harbeson) , United States | www.accidentsinus.com
Dover, DE :  Two people dead in fatal carsh in Buckingham Township on Sunday October 18 2015 ( Accident in Dover,Delaware) , United States | www.accidentsinus.com
Dover, DE :  47-year-old Dillard Stevens dead in hit by a car on Tuesday October 13 2015 ( Accident in Dover,Delaware) , United States | www.accidentsinus.com
Dover, DE : Bicyclist died when hit by an SUV on Hazletville Road on Monday, Oct 12, 2015 ( Accident in Delaware, Dover) , United States | www.accidentsinus.com
Georgetown, DE : Three-month-old boy injured in a single-vehicle crash on Shiloh Church Road on Sunday, Oct 11, 2015 ( Accident in Delaware, Georgetown) , United States | www.accidentsinus.com
Georgetown, DE : Pickup truck driver killed in crash with truck tractor on Monday, Oct 5, 2015 ( Accident in Delaware, Georgetown) , United States | www.accidentsinus.com
Claymont, DE : Driver killed when car hits traffic light pole, turns onto roof on Interstate 495 early Friday, Oct 2, 2015 ( Accident in Delaware, Claymont) , United States | www.accidentsinus.com
Newark, DE : Driver dies after head-on collision in Newark, Delaware on Friday October 2 2015 ( Accident in Newark,Delaware) , United States | www.accidentsinus.com
Stanton, DE : Two people injured, racing fuel leaked in 4-vehicle crash on I-95 north of the Churchman\'s Road off-ramp on Wednesday, Sep 30, 2015 ( Accident in Delaware, Stanton) , United States | www.accidentsinus.com
Newark, DE : Driver killed when car rolls over several times on Pencader Drive, Sunday, Sep 27, 2015 ( Accident in Delaware, Newark) , United States | www.accidentsinus.com
Newark, DE :  South Jersey man killed in a one-car accident Sunday night September 27 2015. ( Accident in Newark,Delaware) , United States | www.accidentsinus.com
Newark, DE:  Man killed in car hit a tree and rolled over crash on Sunday September 27 2015 ( Accident in Newark,Delaware) , United States | www.accidentsinus.com
Millsboro, DE : One person dead in car crash on west of Millsboro on Saturday September 26 2015. ( Accident in Millsboro,Delaware) , United States | www.accidentsinus.com
Washington  ,DC : Man injured in Northwest Washington collision early Sunday ,July 19th 2015 ( Accident in Washington,District of Columbia) , United States | www.accidentsinus.com
Washington ,DC : 28 - Jaqueline Barnes killed after driver crashed  and ran away along Alabama Avenue SE on Sunday ,April 19 2015 ( Accident in Washington, District of Columbia) , United States | www.accidentsinus.com
Washington ,DC : 26- Years Old Nancy Tinoza killed after hit a parked tractor-trailer at 3400 block of Eastern Avenue NE on Sunday morning, March 22nd2015 ( Accident in Washington,District of Columbia) , United States | www.accidentsinus.com
Washington , DC : MTPD police officer injured and utility pole damaged  in Crash at between Pennsylvania Avenue and Alabama Avenue on Friday ,March 13th 2015 ( Accident in Washington,District of Columbia) , United States | www.accidentsinus.com
Washington, D.C : Pedestrian killed, another injured after SUV flipped over in downtown Washington on Monday evening, February 23, 2015 ( Accident in Washington,District of Columbia) , United States | www.accidentsinus.com
Washington, DC : Two people injured when car crashed into a wall of a Giant Food grocery store in northwest Washington on Friday, February 13, 2015 ( Accident in Washington,District of Columbia) , United States | www.accidentsinus.com
Washington, D.C : Passengers suffer minor injuries after Metrobuses collide in NW Washington on Friday, September 19, 2014 ( Accident in Washington,District of Columbia) , United States | www.accidentsinus.com
Washington, D.C : Bareket Haile, 26, killed by hit-and-run driver on Georgia Avenue NW on early Sunday morning, September 14, 2014 ( Accident in Washington,District of Columbia) , United States | www.accidentsinus.com
Washington, D.C : Two killed, Four injured in crash between trash truck, private vehicle on DC\'s Anacostia Freeway on Saturday morning, september 6, 2014 ( Accident in Washington,District of Columbia) , United States | www.accidentsinus.com
Washington, D.C : One person injured in a Motorcycle crash near 16th Street and Good Hope Road SE just after 11 a.m. Thursday on July 31, 2014 ( Accident in Washington, District of Columbia) , United States | www.accidentsinus.com
List of all Road Accidents in Florida, United States - Road Accidents in Florida - Florida Road Accidents | www.accidentsinus.com
Arcadia, FL : Port Charlotte man killed and passenger seriously injured in a crash in DeSoto County on Tuesday morning, Nov 10, 2015 ( Accident in Florida, Arcadia) , United States | www.accidentsinus.com
Lake County, FL : One person killed in two-vehicle crash in Lake County on Tuesday November 10 2015 ( Accident in Lake City,Florida) , United States | www.accidentsinus.com
Kissimmee, FL : One person killed in rollover crash in Interstate 4 in Kissimmee on Tuesday November 10 2015 ( Accident in Kissimmee,Florida) , United States | www.accidentsinus.com
Osceola County, FL : Connecticut woman killed in crash on I-4 Osceola County Tuesday November 10 2015 ( Accident in OSCEOLA COUNTY ,Florida) , United States | www.accidentsinus.com
Altoona, FL : One person killed, two injured in two-car crash in Altoona Tuesday November 10 2015 ( Accident in Altoona,Florida) , United States | www.accidentsinus.com
Boynton Beach, FL : Three people injured after a rollover crash in suburban Boynton Beach on Monday, Nov 9, 2015 ( Accident in Florida, Boynton Beach) , United States | www.accidentsinus.com
Plantation, FL : SUV crashes into Subway restaurant at 3935 West Broward Blvd. in Plantation on Monday morning, Nov 9, 2015 ( Accident in Florida, Plantation) , United States | www.accidentsinus.com
Jacksonville, FL : 23-year-old man injured after a motorcycle crash on Interstate 95 early Monday, Nov 9, 2015 ( Accident in Florida, Jacksonville) , United States | www.accidentsinus.com
Oviedo, FL : Two people killed, 3 critically injured in chase and crash on State Road 417 in Seminole County on Monday, Nov 9, 2015 ( Accident in Oviedo,Florida) , United States | www.accidentsinus.com
Miami, FL : Two men died after a gruesome crash involving a stolen vehicle and bicyclist in Model City on Monday night, Nov 9, 2015 ( Accident in Florida, Miami) , United States | www.accidentsinus.com
Lehigh Acres, FL : Woman injured after a two-vehicle crash on Joan Avenue North and Lee Boulevard on Sunday afternoon, Nov 8, 2015 ( Accident in Florida, Lehigh Acres) , United States | www.accidentsinus.com
Jacksonville, FL : 26-year-old man died after car skids off road, hitting pole on the Westside on Sunday morning, Nov 8, 2015 ( Accident in Florida, Jacksonville) , United States | www.accidentsinus.com
Holiday, FL : 98-year-old man killed in crash with Pasco deputy on U.S. 19 early Sunday morning, Nov 8, 2015 ( Accident in Florida, Holiday) , United States | www.accidentsinus.com
Brevard County, FL : No one injured after tractor-trailer crash on I-95 near Cocoa, Nov 7, 2015 ( Accident in Florida, Cocoa) , United States | www.accidentsinus.com
Bushnell, FL : 55-year-old woman killed in a two-vehicle crash on I-75 in Sumter County on Friday night, Nov 6, 2015 ( Accident in Florida, Bushnell) , United States | www.accidentsinus.com
List of all Road Accidents in Georgia, United States - Road Accidents in Georgia - Georgia Road Accidents | www.accidentsinus.com
Macon, GA : Woman dies after crashing into creek; Wrong-way driver hits three cars on Tuesday night, Nov 10, 2015 ( Accident in Georgia, Macon ) , United States | www.accidentsinus.com
Albany, GA : Driver injured and charged in single car accident on Liberty Expressway on Sunday, Nov 8, 2015 ( Accident in Georgia, Albany) , United States | www.accidentsinus.com
Alpharetta, GA : Four people injured in school bus crash in North Fulton County on Friday November 6 2015 ( Accident in Alpharetta ,Georgia) , United States | www.accidentsinus.com
Oconee County, GA : Mother killed and her sister and five children were injured in crash on Thursday November 5 2015 ( Accident in Oconee County,Georgia) , United States | www.accidentsinus.com
Marietta, GA : Motorcyclist dies in crash with Cobb County Transit bus in suburban Atlanta on Wednesday, NOV 4, 2015 ( Accident in Georgia, Marietta ) , United States | www.accidentsinus.com
Savannah, GA : Pedestrian hit in critical condition after stolen truck crashes on Altman Drive on Wednesday, Nov 4, 2015 ( Accident in Georgia, Savannah ) , United States | www.accidentsinus.com
Liberty County, GA : Victim of Liberty County crash identified on Monday October 26 2015 ( Accident in Liberty County,Georgia) , United States | www.accidentsinus.com
"Decatur, GA : One Woman found dead after hit by a car in DeKalb County Sunday October 25 2015	 ( Accident in Decatur,Georgia) , United States | www.accidentsinus.com"
Atlanta, GA : Motorist in hit-and-run case involving Atlanta bicyclist pleads guilty, sentenced to 15 years on Tuesday October 20 2015 ( Accident in Atlanta,Georgia) , United States | www.accidentsinus.com
Madison, GA : Morgan County High School football player killed in single-vehicle crash on Saturday October 17 2015 ( Accident in Madison ,Georgia) , United States | www.accidentsinus.com
Roswell, GA : Bicyclist dies after collision with school bus north of Atlanta on Saturday, Oct 10, 2015 ( Accident in Georgia, Roswell ) , United States | www.accidentsinus.com
Atlanta, GA : Two teenagers killed in crash Paulding County on Friday October 2 2015 ( Accident in Atlanta,Georgia) , United States | www.accidentsinus.com
Atlanta, GA :  Two Georgia teens killed in car collided with state trooper Saturday September 26 2015. ( Accident in Atlanta,Georgia) , United States | www.accidentsinus.com
Atlanta, GA : One person dead after a fiery three-semi crash on northbound Interstate -69 early Tuesday morning September 22 2015 ( Accident in Atlanta,Georgia) , United States | www.accidentsinus.com
ATLANTA , GA : One woman killed and another woman injured in a wrong-way crash on Sunday September 20 2015 ( Accident in Atlanta,Georgia) , United States | www.accidentsinus.com
College Park, GA:  Police officer killed and five others injured in a car crash Saturday September 19 2015 ( Accident in College Park ,Georgia) , United States | www.accidentsinus.com
Atlanta, GA : Georgia police officer dies in wrong-way crash Saturday September 19 2015 ( Accident in Atlanta,Georgia) , United States | www.accidentsinus.com
Bogart ,GA :Two people killed after their car collides with semi in fiery crash on Georgia highway on Monday ,September 14th 2015 ( Accident in Bogart ,Georgia) , United States | www.accidentsinus.com
Waynesboro,GA :Woman accused of crashing stolen school bus into vehicle across Georgia county on Sunday ,September 13th 2015 ( Accident in Waynesboro ,Georgia) , United States | www.accidentsinus.com
Atlanta ,GA : Hit-and-run crash kills man standing at bus stop on Monday ,August 17th 2015 ( Accident in Atlanta,Georgia) , United States | www.accidentsinus.com
List of all Road Accidents in Hawaii, United States - Road Accidents in Hawaii - Hawaii Road Accidents | www.accidentsinus.com
Honolulu, HI : Man arrested in hit-and-run crash that injured 2 moped riders in Kaneohe on Sunday, Oct 25, 2015 ( Accident in Hawaii, Honolulu) , United States | www.accidentsinus.com
Ewa Beach, HI : Two injured in crash involving HPD car on Thursday October 22 2015 ( Accident in Ewa Beach,Hawaii) , United States | www.accidentsinus.com
Kailua-Kona, HI : 1-year-old boy died after hit by a car in a parking lot in Kailua-Kona on Saturday night, Oct 10, 2015 ( Accident in Hawaii, Kailua Kona) , United States | www.accidentsinus.com
Kamuela, HI : 20-year-old man died following a two-vehicle collision on Mamalahoa Highway in Kamuela early Saturday night, Oct 3, 2015  ( Accident in Hawaii, Kamuela) , United States | www.accidentsinus.com
Honolulu, HI : Two car crash in west-bound lanes on the H-1 Freeway on Friday night October 2 2015 ( Accident in Honolulu,Hawaii) , United States | www.accidentsinus.com
Princeville,HI :Kuhio Highway closed and some people injured after critical crash on Monday evening ,September 14th 2015 ( Accident in Princeville,Hawaii) , United States | www.accidentsinus.com
Kaneohe, HI : Three people seriously injured in two vehicles crash Friday,August 14th 2015 ( Accident in Kaneohe,Hawaii) , United States | www.accidentsinus.com
Waimanalo, HI: Vehicle slammed into a telephone pole in Waimanalo on Tuesday, August 4th 2015 ( Accident in Hawaii, Waimanalo) , United States | www.accidentsinus.com
Honolulu, HI: Motorcyclist injured in Nimitz Hwy. crash on Wednesday, July 29th 2015 ( Accident in Hawaii, Honolulu) , United States | www.accidentsinus.com
Honolulu, HI: Lanes reopened on H-1 near Bingham after four-car accident on Monday, July 27th 2015 ( Accident in Hawaii, Honolulu) , United States | www.accidentsinus.com
Wahiawa, HI: Motorcyclist dies after crash on Wilikina Drive on Friday, July 24th 2015 ( Accident in Hawaii, Wahiawa) , United States | www.accidentsinus.com
Hilo ,HI : Driver dies from one-vehicle collision  on Saturday ,july 18th 2015 ( Accident in Hilo,Hawaii) , United States | www.accidentsinus.com
Wailuku ,HI :Woman, 87, hospitalized after being hit by car driven by 11-year-old boy on Saturday ,July 18th 2015 ( Accident in Wailuku,Hawaii) , United States | www.accidentsinus.com
Hilo, HI: California Man Dies in Single-Vehicle Crash on Saturday, July 19th 2015 ( Accident in Hawaii, Hilo) , United States | www.accidentsinus.com
Honolulu ,HI : Toddler killed by reversing truck on Maui Friday afternoon ,July 17th 2015 ( Accident in Honolulu,Hawaii) , United States | www.accidentsinus.com
Pearl City, HI: A portion of Hoomalu St. in Pearl City closed after pedestrian accident on Wednesday, July 15th 2015 ( Accident in Hawaii, Pearl City) , United States | www.accidentsinus.com
Mililani, HI :1 critical, 2 seriously injured in multiple-vehicle crash on H-2 on Monday, July 13th 2015 ( Accident in Hawaii, Mililani) , United States | www.accidentsinus.com
Hilo ,HI : Big Island authorities seek suspects in crash that injured police officer on Monday morning. ,July 6th 2015 ( Accident in Hilo,Hawaii) , United States | www.accidentsinus.com
Kahala , HI : Motorcyclist identified in wrong way fatal crash on Saturday ,June 20th 2015 ( Accident in Honolulu,Hawaii) , United States | www.accidentsinus.com
Aina Haina ,HI : One killed after fatal crash  on Friday ,June 19th 2015 ( Accident in Hana,Hawaii) , United States | www.accidentsinus.com
List of all Road Accidents in Idaho, United States - Road Accidents in Idaho - Idaho Road Accidents | www.accidentsinus.com
Boise, ID : One person injured after a Car crashes into building off River St, Americana Blvd Saturday morning, Nov 7, 2015 ( Accident in Idaho, Boise) , United States | www.accidentsinus.com
Boise, ID : 20-year-old injured after a single-vehicle crash at the I-84 Broadway on-ramp Saturday night, Oct 31, 2015 ( Accident in Idaho, Boise) , United States | www.accidentsinus.com
Eagle, ID : Coroner identifies man in deadly crash on Chinden Boulevard on Wednesday October 28 2015 ( Accident in Eagle,Idaho) , United States | www.accidentsinus.com
Eagle, ID  : Idaho man killed, relative escaped when their mobile home caught fire on Thursday October 22 2015 ( Accident in Eagle,Idaho) , United States | www.accidentsinus.com
Boise, ID : Car vs motorcycle crash closes Chinden off-ramp on the Connector on Tuesday October 20 2015 ( Accident in Boise,Idaho) , United States | www.accidentsinus.com
Meridian, ID : Motorcyclist taken to hospital after crash with mini van on Tuesday October 20 2015 ( Accident in Meridian,Idaho) , United States | www.accidentsinus.com
Boise, ID : Two people dead after sand and gravel tractor-trailer rolls onto small pickup in Boise on Monday morning, Oct 5, 2015 ( Accident in Idaho, Boise) , United States | www.accidentsinus.com
Kuna, ID : Two people injured after a two vehicle crash on Meridian road near the Deer Flat intersection on Monday night, Oct 5, 2015 ( Accident in Idaho, Kuna) , United States | www.accidentsinus.com
Twin Falls, ID : Driver crashes SUV over small canal in Twin Falls on Monday, Oct 5, 2015 ( Accident in Idaho, Twin Falls) , United States | www.accidentsinus.com
Fairfield, ID : Washington state woman dead after rolling her car over in south-central Idaho on Saturday night, Sep 19, 2015 ( Accident in Idaho, Fairfield) , United States | www.accidentsinus.com
Star, ID : 56-year-old Thomas Paul Allsopp died in a crash on Saturday, Sep 19, 2015 ( Accident in Idaho, Star) , United States | www.accidentsinus.com
Nampa, ID : Canyon County deputy involved in rollover crash near the intersection of 12th Avenue Road and West Locust Lane on Monday, Sep 14, 2015 ( Accident in Idaho, Nampa) , United States | www.accidentsinus.com
Athol ,ID :Father and Two young children dead after their car crashes into pickup traveling in wrong lane on Saturday morning ,September 12th 2015 ( Accident in Athol,Idaho) , United States | www.accidentsinus.com
Melba, ID :  Third man has died from a rollover crash on Wednesday September 9 2015 ( Accident in Melba,Idaho) , United States | www.accidentsinus.com
Blackfoot, ID : 16-year-old teen injured after crashing into back of school bus on Highway 39 Wednesday morning, Sep 9, 2015 ( Accident in Idaho, Blackfoot) , United States | www.accidentsinus.com
Melba, ID : Three people died after rollover crash at St. Alphonsus in Boise on Wednesday, Sep 9, 2015 ( Accident in Idaho, Melba) , United States | www.accidentsinus.com
Meridian ,ID :19- Years old Britanya Vasquez killed after fatal car crash Saturday morning , September 5th 2015 ( Accident in Meridian,Idaho) , United States | www.accidentsinus.com
Nampa, ID : Caldwell woman ejected from car crash on I-84 early Wednesday afternoon, Aug 26, 2015 ( Accident in Idaho, Nampa) , United States | www.accidentsinus.com
Osburn ,ID :Kacie A. Calabretta, 24 killed after crash early Saturday morning ,August 22nd 2015 ( Accident in Osburn,Idaho) , United States | www.accidentsinus.com
Blackfoot, ID : Semi driver injured after two-vehicle crash on Highway 15 on Saturday, Aug 22, 2015 ( Accident in Idaho, Blackfoot) , United States | www.accidentsinus.com
List of all Road Accidents in Illinois, United States - Road Accidents in Illinois - Illinois Road Accidents | www.accidentsinus.com
Chicago, IL : Three people injured in CTA bus crash in downtown on Wednesday morning, Nov 11, 2015 ( Accident in Illinois, Chicago) , United States | www.accidentsinus.com
Lake County, IL : Tallahassee woman killed and two others seriously injured in a two vehicle crash on Tuesday November 10 2015 ( Accident in Lake County,Illinois) , United States | www.accidentsinus.com
Buckner, IL : New bride dies in southern Illinois motorcycle crash on way to wedding reception on Saturday night, Nov 7, 2015 ( Accident in Illinois, Buckner) , United States | www.accidentsinus.com
Glen Carbon, IL : Male driver died in a single-vehicle crash in Glen Carbon on Wednesday afternoon, Nov 4, 2015 ( Accident in Illinois, Glen Carbon) , United States | www.accidentsinus.com
Manteno, IL : Sandy Hunte, a veteran kindergarten teacher dies in 2-car crash on East 7000N Road at North 5000E Road on Wednesday morning, Nov 4, 2015 ( Accident in Illinois, Manteno) , United States | www.accidentsinus.com
Urbana, IL : Willowbrook man died after a rollover accident on Interstate 57 in Champaign County on Wednesday night, Oct 28, 2015  ( Accident in Illinois, Urbana) , United States | www.accidentsinus.com
Wilmington, IL  :  14-year-old girl killed, 16-year-old brother injured in Wilmington car crash on Thursday October 22 2015 ( Accident in Wilmington,Illinois) , United States | www.accidentsinus.com
Madison, IL : Two 16-year-old boys died in a high-speed crash involving a stolen vehicle on Thursday October 15 2015 ( Accident in Madison,Illinois) , United States | www.accidentsinus.com
Carlyle, IL : Mount Vernon woman died and three other people injured when car slams into tractor-trailer in Clinton County on Tuesday, Oct 13, 2015 ( Accident in Illinois, Carlyle) , United States | www.accidentsinus.com
Chicago, IL : Two motorcyclists seriously injured in I-294 northbound car crash on Saturday afternoon, Oct 10, 2015 ( Accident in Illinois, Chicago) , United States | www.accidentsinus.com
Champaign County ,IL : one person injured in two-vehicle crash on state Route 235 on Friday October 9 2015 ( Accident in Champaign,Illinois) , United States | www.accidentsinus.com
Chicago, IL : Motorcyclist dies in crash on Edens in Skokie on Tuesday, Oct 6, 2015 ( Accident in Illinois, Chicago) , United States | www.accidentsinus.com
Grayslake, IL : Six people injured in car crash in Lake County on Saturday October 3 2015 ( Accident in Grayslake,Illinois) , United States | www.accidentsinus.com
Quincy, IL : Two John Wood Community College students died in a car crash on 48th street north of campus on Wednesday night, Sep 30, 2015 ( Accident in Illinois, Quincy) , United States | www.accidentsinus.com
Greene County,  IL  : Illinois man dies in crash in Highway 267 Saturday night September 26 2015. ( Accident in Green Rock,Illinois) , United States | www.accidentsinus.com
White County, IL : 29-year-old Skyler Lee Kuykendall died in a car crash near Carmi on Monday, Sep 14, 2015 ( Accident in Illinois, Carmi) , United States | www.accidentsinus.com
Chicago, IL : Seven people injured after car crashes into bus shelter on Chicago\'s south side on Monday afternoon, Sep 14, 2015 ( Accident in Illinois, Chicago) , United States | www.accidentsinus.com
Oak Brook, IL : An off-duty Chicago Ridge police officer dead in wrong-way crash on Interstate 294 near Cermak Road on Sunday, Sep 13, 2015 ( Accident in Illinois, Oak Brook) , United States | www.accidentsinus.com
Watseka ,IL :Suzette Chamness, 55 killed after two-vehicle accident Friday evening ,September 11th 2015 ( Accident in Marion,Illinois) , United States | www.accidentsinus.com
Oregon, IL : Driver and cheerleader killed in car crash on Saturday mourning,September,5th 2015 ( Accident in Oregon,Illinois) , United States | www.accidentsinus.com
List of all Road Accidents in Indiana, United States - Road Accidents in Indiana - Indiana Road Accidents | www.accidentsinus.com
Indianapolis, IN : Three people injured in three-vehicle crash on I-65 near Dr. Martin Luther King Jr. Street on Monday, Nov 9, 2015 ( Accident in Indiana, Indianapolis) , United States | www.accidentsinus.com
Blackford County, IN : Driver killed after a single vehicle crash on State Road 18 just east of County Road 400 W on Monday, Nov 9, 2015  ( Accident in Indiana, Hartford City) , United States | www.accidentsinus.com
Indianapolis, IN : 23-year-old man died in a hit-and-run crash on the city\'s south side on Sunday, Nov 8, 2015 ( Accident in Indiana, Indianapolis) , United States | www.accidentsinus.com
Marysville, IN : Brian Rosenbarger Jr., 16, died in a car crash on North New Market Road on Saturday night, Nov 7, 2015 ( Accident in Indiana, Marysville) , United States | www.accidentsinus.com
Princeton, IN : Two people killed in overloaded van that crashed on southwestern Indiana highway on Thursday November 5 2015 ( Accident in Princeton,Indiana) , United States | www.accidentsinus.com
New Winchester, IN : 46-year-old Mitchell Beck killed in 3-car crash on U.S. 36 in Hendricks County on Tuesday, Nov 3, 2015 ( Accident in Indiana, Winchester) , United States | www.accidentsinus.com
Gary, IN :  3-year-old Gary girl died in struck by a pickup truck crash on Tuesday  November 3 2015 ( Accident in Gary,Indiana) , United States | www.accidentsinus.com
Jay County, IN : One driver killed in vehicle crash Jay County on Friday October 30 2015 ( Accident in Jay County,Indiana) , United States | www.accidentsinus.com
Indianapolis, IN : 16-year-old Indiana boy dead after a vehicle crashed on Friday October 30 2015 ( Accident in Indianapolis,Indiana) , United States | www.accidentsinus.com
Chandler, IN : Three people injured after a two-vehicle crash on State Road 62 in Chandler on Thursday, Oct 29, 2015 ( Accident in Indiana, Chandler) , United States | www.accidentsinus.com
Greenfield, IN : Driver in fatal Indiana bus crash charged with using cocaine on Wednesday October 28 2015 ( Accident in Greenfield,Indiana) , United States | www.accidentsinus.com
Fort Wayne, IN : Driver critical after crashing into dump truck on Hillegas Road between Illinois and Bass in Fort Wayne on Monday morning, Oct 26, 2015 ( Accident in Indiana, Fort Wayne) , United States | www.accidentsinus.com
Gray, IN : Valparaiso man injured in a two-vehicle crash on Toll Road Monday night, Oct 26, 2015 ( Accident in Indiana, Gary) , United States | www.accidentsinus.com
Indianapolis, IN : Elderly driver involved in crash that killed principal,Children dies at hospital on Monday October 26 2015 ( Accident in Indianapolis,Indiana) , United States | www.accidentsinus.com
Owensville, IN : Two people dead in pickup truck crash on southwestern Indiana Sunday October 25 2015 ( Accident in Owensville,Indiana) , United States | www.accidentsinus.com
Corydon, IN : Man and woman killed in three-vehicle,head-on crash on Harrison County Saturday October 24 2015 ( Accident in Corydon,Indiana) , United States | www.accidentsinus.com
Greenfield, IN : Indiana church bus driver in crash that killed 6-year-old boy charged with cocaine use on Thursday October 22 2015 ( Accident in Greenfield,Indiana) , United States | www.accidentsinus.com
Angola, IN : Driver killed in pickup truck slammed into big rig in Indiana\'s Steuben County on Saturday October 17 2015 ( Accident in Angola,Indiana) , United States | www.accidentsinus.com
Indianapolis, IN : Principal two children died after a crash on Friday October 16 2015 ( Accident in Indianapolis,Indiana) , United States | www.accidentsinus.com
Stendal, IN : Northeast Indiana man injured in truck crash Steuben County Road 325 on Friday October 16 2015 ( Accident in Stendal,Indiana) , United States | www.accidentsinus.com
List of all Road Accidents in Iowa, United States - Road Accidents in Iowa - Iowa Road Accidents | www.accidentsinus.com
Sioux City, IA : Two people died after crash of stolen car on Tuesday afternoon, Nov 3, 2015 ( Accident in Iowa, Sioux City) , United States | www.accidentsinus.com
Pottawatamie County, IA : Three people injured in head-on collision near Treynor on Thursday afternoon, Oct 29, 2015 ( Accident in Iowa, Treynor) , United States | www.accidentsinus.com
